id_usuario,idade,faixa_etaria,sexo,indicador_inadimplencia,quantidade_emprestimos,emprestimos_imobiliarios,emprestimos_outros,tipos_emprestimos,ultimo_salario,atraso_superior_90_dias,linhas_de_credito_nao_garantidas_por_ativos_pessoais,indice_endividamento,numero_dependentes,idade_risco,emprestimo_risco,salario_risco,atraso_risco,endividamento_risco,credito_risco,genero_binario,idade_binario,emprestimo_binario,salario_binario,atraso_binario,endividamento_binario,credito_binario,dependentes_quartil_binario,total,total_binario
865,21,21-30,Masculino,0,0,0,0,Sem registro,6622,98,1,0,0,0,"0,14","0,01","0,81","0,02","0,07",0,0,1,0,1,0,1,0,3,0
9884,21,21-30,Feminino,0,0,0,0,Sem registro,6622,0,1,0,0,0,"0,14","0,01",0,"0,02","0,07",1,0,1,0,0,0,1,0,2,0
28122,21,21-30,Masculino,0,0,0,0,Sem registro,6675,0,1,8,0,0,"0,14","0,02",0,"0,03","0,07",0,0,1,0,0,0,1,0,2,0
14999,21,21-30,Feminino,0,0,0,0,Sem registro,6622,0,1,0,0,0,"0,14","0,01",0,"0,02","0,07",1,0,1,0,0,0,1,0,2,0
18876,21,21-30,Feminino,0,0,0,0,Sem registro,6675,0,1,307,0,0,"0,14","0,02",0,0,"0,07",1,0,1,0,0,0,1,1,3,0
24483,21,21-30,Masculino,0,0,0,0,Sem registro,6675,98,1,0,0,0,"0,14","0,02","0,81","0,02","0,07",0,0,1,0,1,0,1,0,3,0
3108,21,21-30,Masculino,0,0,0,0,Sem registro,6675,98,1,0,0,0,"0,14","0,02","0,81","0,02","0,07",0,0,1,0,1,0,1,0,3,0
24559,21,21-30,Feminino,0,1,0,1,Outros,6622,0,0,0,0,0,"0,03","0,01",0,"0,02",0,1,0,0,0,0,0,0,0,0,0
35630,21,21-30,Feminino,0,1,0,1,Outros,6622,0,1,0,0,0,"0,03","0,01",0,"0,02","0,07",1,0,0,0,0,0,1,0,1,0
28075,21,21-30,Masculino,0,1,0,1,Outros,6675,0,1,12,0,0,"0,03","0,02",0,"0,04","0,07",0,0,0,0,0,0,1,1,2,0
2932,21,21-30,Masculino,0,1,0,1,Outros,6675,0,0,9,0,0,"0,03","0,02",0,"0,04",0,0,0,0,0,0,0,0,0,0,0
3985,21,21-30,Masculino,0,1,0,1,Outros,3300,0,0,0,0,0,"0,03","0,03",0,"0,02",0,0,0,0,0,0,0,0,0,0,0
8870,21,21-30,Feminino,0,1,0,1,Outros,6675,0,1,0,0,0,"0,03","0,02",0,"0,02","0,07",1,0,0,0,0,0,1,0,1,0
35429,21,21-30,Masculino,0,1,0,1,Outros,2250,0,1,0,2,0,"0,03","0,05",0,"0,02","0,07",0,0,0,0,0,0,1,1,2,0
15684,21,21-30,Feminino,0,1,0,1,Outros,6675,0,0,0,0,0,"0,03","0,02",0,"0,02",0,1,0,0,0,0,0,0,0,0,0
15009,21,21-30,Masculino,0,1,0,1,Outros,6622,0,0,0,1,0,"0,03","0,01",0,"0,02",0,0,0,0,0,0,0,0,1,1,0
9754,21,21-30,Masculino,0,1,0,1,Outros,6622,0,1,0,0,0,"0,03","0,01",0,"0,02","0,07",0,0,0,0,0,0,1,0,1,0
18209,21,21-30,Masculino,0,1,0,1,Outros,6622,0,1,0,0,0,"0,03","0,01",0,"0,02","0,07",0,0,0,0,0,0,1,0,1,0
12520,21,21-30,Masculino,0,1,0,1,Outros,6622,0,0,0,0,0,"0,03","0,01",0,"0,02",0,0,0,0,0,0,0,0,0,0,0
2303,21,21-30,Masculino,0,1,0,1,Outros,6675,0,1,672,0,0,"0,03","0,02",0,0,"0,07",0,0,0,0,0,0,1,0,1,0
16848,21,21-30,Masculino,0,1,0,1,Outros,6622,0,0,0,0,0,"0,03","0,01",0,"0,02",0,0,0,0,0,0,0,0,0,0,0
27733,21,21-30,Feminino,0,1,0,1,Outros,6622,0,0,0,0,0,"0,03","0,01",0,"0,02",0,1,0,0,0,0,0,0,0,0,0
4732,21,21-30,Masculino,0,1,0,1,Outros,6622,0,1,0,0,0,"0,03","0,01",0,"0,02","0,07",0,0,0,0,0,0,1,0,1,0
17258,21,21-30,Feminino,0,1,0,1,Outros,6622,0,0,0,0,0,"0,03","0,01",0,"0,02",0,1,0,0,0,0,0,0,0,0,0
22623,21,21-30,Masculino,0,1,0,1,Outros,2420,0,1,0,0,0,"0,03",0,0,"0,02","0,07",0,0,0,0,0,0,1,0,1,0
33474,21,21-30,Masculino,0,1,0,1,Outros,6675,0,1,112,0,0,"0,03","0,02",0,0,"0,07",0,0,0,0,0,0,1,0,1,0
13372,21,21-30,Masculino,0,1,0,1,Outros,2000,0,0,0,0,0,"0,03","0,03",0,"0,02",0,0,0,0,0,0,0,0,0,0,0
18682,21,21-30,Masculino,0,1,0,1,Outros,6675,0,1,34,0,0,"0,03","0,02",0,0,"0,07",0,0,0,0,0,0,1,0,1,0
26170,21,21-30,Feminino,0,2,0,2,Outros,6622,0,0,0,0,0,"0,04","0,01",0,"0,02",0,1,0,1,0,0,0,0,0,1,0
22147,21,21-30,Masculino,0,2,0,2,Outros,6622,0,0,0,0,0,"0,04","0,01",0,"0,02",0,0,0,1,0,0,0,0,1,2,0
20846,21,21-30,Feminino,0,2,0,2,Outros,6622,0,0,0,0,0,"0,04","0,01",0,"0,02",0,1,0,1,0,0,0,0,0,1,0
5381,21,21-30,Feminino,0,2,0,2,Outros,9686,0,0,0,0,0,"0,04",0,0,"0,02",0,1,0,1,0,0,0,0,1,2,0
24324,21,21-30,Feminino,0,2,0,2,Outros,6622,0,0,0,0,0,"0,04","0,01",0,"0,02",0,1,0,1,0,0,0,0,0,1,0
16574,21,21-30,Masculino,0,2,0,2,Outros,6622,0,1,0,0,0,"0,04","0,01",0,"0,02","0,07",0,0,1,0,0,0,1,1,3,0
280,21,21-30,Masculino,0,2,0,2,Outros,4000,0,1,0,0,0,"0,04","0,02",0,"0,02","0,07",0,0,1,0,0,0,1,0,2,0
4012,21,21-30,Masculino,0,2,0,2,Outros,6622,0,0,2,0,0,"0,04","0,01",0,"0,03",0,0,0,1,0,0,0,0,0,1,0
10438,21,21-30,Feminino,0,3,0,3,Outros,6622,0,0,0,0,0,"0,03","0,01",0,"0,02",0,1,0,0,0,0,0,0,0,0,0
2966,21,21-30,Feminino,0,3,0,3,Outros,6622,0,1,1,0,0,"0,03","0,01",0,"0,03","0,07",1,0,0,0,0,0,1,0,1,0
14767,22,21-30,Masculino,0,0,0,0,Sem registro,6675,0,1,0,0,0,"0,14","0,02",0,"0,02","0,07",0,0,1,0,0,0,1,0,2,0
20824,22,21-30,Feminino,0,0,0,0,Sem registro,4500,98,1,0,0,0,"0,14","0,03","0,81","0,02","0,07",1,0,1,0,1,0,1,0,3,0
26354,22,21-30,Masculino,0,0,0,0,Sem registro,6675,98,1,0,0,0,"0,14","0,02","0,81","0,02","0,07",0,0,1,0,1,0,1,0,3,0
35568,22,21-30,Masculino,0,0,0,0,Sem registro,1600,0,1,0,0,0,"0,14","0,01",0,"0,02","0,07",0,0,1,0,0,0,1,0,2,0
7457,22,21-30,Masculino,0,0,0,0,Sem registro,6622,0,1,0,0,0,"0,14","0,01",0,"0,02","0,07",0,0,1,0,0,0,1,0,2,0
17431,22,21-30,Masculino,0,0,0,0,Sem registro,6675,98,1,0,0,0,"0,14","0,02","0,81","0,02","0,07",0,0,1,0,1,0,1,0,3,0
12647,22,21-30,Masculino,0,0,0,0,Sem registro,6675,0,1,97,0,0,"0,14","0,02",0,0,"0,07",0,0,1,0,0,0,1,0,2,0
3683,22,21-30,Masculino,0,0,0,0,Sem registro,6675,0,1,20,0,0,"0,14","0,02",0,0,"0,07",0,0,1,0,0,0,1,0,2,0
12798,22,21-30,Feminino,0,0,0,0,Sem registro,6622,0,1,0,0,0,"0,14","0,01",0,"0,02","0,07",1,0,1,0,0,0,1,1,3,0
23057,22,21-30,Masculino,0,0,0,0,Sem registro,6675,98,1,0,0,0,"0,14","0,02","0,81","0,02","0,07",0,0,1,0,1,0,1,0,3,0
31904,22,21-30,Feminino,0,0,0,0,Sem registro,6622,98,1,0,0,0,"0,14","0,01","0,81","0,02","0,07",1,0,1,0,1,0,1,0,3,0
12771,22,21-30,Masculino,0,0,0,0,Sem registro,6675,98,1,0,0,0,"0,14","0,02","0,81","0,02","0,07",0,0,1,0,1,0,1,0,3,0
32473,22,21-30,Feminino,0,0,0,0,Sem registro,2133,0,1,0,0,0,"0,14",0,0,"0,02","0,07",1,0,1,0,0,0,1,0,2,0
30541,22,21-30,Feminino,0,0,0,0,Sem registro,2500,0,1,0,0,0,"0,14","0,04",0,"0,02","0,07",1,0,1,0,0,0,1,0,2,0
13819,22,21-30,Feminino,0,1,0,1,Outros,6675,0,1,62,0,0,"0,03","0,02",0,0,"0,07",1,0,0,0,0,0,1,0,1,0
23671,22,21-30,Masculino,0,1,0,1,Outros,6622,0,1,0,0,0,"0,03","0,01",0,"0,02","0,07",0,0,0,0,0,0,1,1,2,0
35583,22,21-30,Masculino,0,1,0,1,Outros,6622,0,0,0,0,0,"0,03","0,01",0,"0,02",0,0,0,0,0,0,0,0,0,0,0
3319,22,21-30,Feminino,0,1,0,1,Outros,6675,0,0,1,0,0,"0,03","0,02",0,"0,03",0,1,0,0,0,0,0,0,0,0,0
6011,22,21-30,Masculino,0,1,0,1,Outros,1900,0,1,0,0,0,"0,03","0,07",0,"0,02","0,07",0,0,0,0,0,0,1,0,1,0
32951,22,21-30,Masculino,0,1,0,1,Outros,6675,0,0,1,0,0,"0,03","0,02",0,"0,03",0,0,0,0,0,0,0,0,1,1,0
24115,22,21-30,Masculino,0,1,0,1,Outros,3600,0,1,0,0,0,"0,03","0,04",0,"0,02","0,07",0,0,0,0,0,0,1,1,2,0
22193,22,21-30,Feminino,0,1,0,1,Outros,6622,0,1,0,0,0,"0,03","0,01",0,"0,02","0,07",1,0,0,0,0,0,1,0,1,0
4197,22,21-30,Masculino,0,1,0,1,Outros,6675,0,0,2,0,0,"0,03","0,02",0,"0,03",0,0,0,0,0,0,0,0,1,1,0
6546,22,21-30,Feminino,0,1,0,1,Outros,6622,0,0,0,0,0,"0,03","0,01",0,"0,02",0,1,0,0,0,0,0,0,0,0,0
19053,22,21-30,Feminino,0,1,0,1,Outros,6622,0,1,0,0,0,"0,03","0,01",0,"0,02","0,07",1,0,0,0,0,0,1,0,1,0
34674,22,21-30,Masculino,0,1,0,1,Outros,6622,0,1,0,0,0,"0,03","0,01",0,"0,02","0,07",0,0,0,0,0,0,1,1,2,0
33270,22,21-30,Feminino,0,1,0,1,Outros,6675,0,1,0,0,0,"0,03","0,02",0,"0,02","0,07",1,0,0,0,0,0,1,1,2,0
14112,22,21-30,Masculino,0,1,0,1,Outros,6622,0,1,0,0,0,"0,03","0,01",0,"0,02","0,07",0,0,0,0,0,0,1,0,1,0
15572,22,21-30,Masculino,0,1,0,1,Outros,1900,0,1,0,0,0,"0,03","0,07",0,"0,02","0,07",0,0,0,0,0,0,1,1,2,0
7252,22,21-30,Masculino,0,1,0,1,Outros,1760,0,1,0,0,0,"0,03",0,0,"0,02","0,07",0,0,0,0,0,0,1,0,1,0
2822,22,21-30,Masculino,0,1,0,1,Outros,3800,0,1,0,0,0,"0,03","0,04",0,"0,02","0,07",0,0,0,0,0,0,1,0,1,0
12603,22,21-30,Masculino,0,1,0,1,Outros,6622,0,0,0,0,0,"0,03","0,01",0,"0,02",0,0,0,0,0,0,0,0,0,0,0
34849,22,21-30,Masculino,0,1,0,1,Outros,1700,1,1,0,0,0,"0,03",0,"0,18","0,02","0,07",0,0,0,0,0,0,1,0,1,0
3904,22,21-30,Feminino,0,1,0,1,Outros,6622,0,0,1,0,0,"0,03","0,01",0,"0,03",0,1,0,0,0,0,0,0,0,0,0
17182,22,21-30,Masculino,0,1,0,1,Outros,2000,0,1,0,0,0,"0,03","0,03",0,"0,02","0,07",0,0,0,0,0,0,1,0,1,0
18697,22,21-30,Masculino,0,1,0,1,Outros,1600,0,0,0,0,0,"0,03","0,01",0,"0,02",0,0,0,0,0,0,0,0,0,0,0
20779,22,21-30,Feminino,0,1,0,1,Outros,6622,0,0,0,0,0,"0,03","0,01",0,"0,02",0,1,0,0,0,0,0,0,0,0,0
30918,22,21-30,Feminino,0,1,0,1,Outros,2083,0,0,0,0,0,"0,03",0,0,"0,02",0,1,0,0,0,0,0,0,0,0,0
30240,22,21-30,Masculino,0,1,0,1,Outros,6622,0,1,0,0,0,"0,03","0,01",0,"0,02","0,07",0,0,0,0,0,0,1,0,1,0
21325,22,21-30,Masculino,0,1,0,1,Outros,6622,0,1,0,0,0,"0,03","0,01",0,"0,02","0,07",0,0,0,0,0,0,1,0,1,0
7825,22,21-30,Masculino,0,1,0,1,Outros,6622,0,1,0,0,0,"0,03","0,01",0,"0,02","0,07",0,0,0,0,0,0,1,0,1,0
23577,22,21-30,Masculino,0,1,0,1,Outros,6622,0,1,0,0,0,"0,03","0,01",0,"0,02","0,07",0,0,0,0,0,0,1,0,1,0
20557,22,21-30,Masculino,0,1,0,1,Outros,6622,0,0,22,0,0,"0,03","0,01",0,"0,05",0,0,0,0,0,0,0,0,0,0,0
32341,22,21-30,Feminino,0,1,0,1,Outros,6622,0,1,1,0,0,"0,03","0,01",0,"0,03","0,07",1,0,0,0,0,0,1,0,1,0
6923,22,21-30,Masculino,0,1,0,1,Outros,7370,0,1,0,0,0,"0,03",0,0,"0,02","0,07",0,0,0,0,0,0,1,0,1,0
25469,22,21-30,Masculino,0,1,0,1,Outros,6675,0,1,346,0,0,"0,03","0,02",0,0,"0,07",0,0,0,0,0,0,1,0,1,0
7779,22,21-30,Feminino,0,1,0,1,Outros,6622,0,1,0,0,0,"0,03","0,01",0,"0,02","0,07",1,0,0,0,0,0,1,0,1,0
21887,22,21-30,Masculino,0,1,0,1,Outros,6622,0,1,0,0,0,"0,03","0,01",0,"0,02","0,07",0,0,0,0,0,0,1,0,1,0
26111,22,21-30,Masculino,0,1,0,1,Outros,6622,0,1,0,0,0,"0,03","0,01",0,"0,02","0,07",0,0,0,0,0,0,1,0,1,0
34458,22,21-30,Feminino,0,1,0,1,Outros,6622,0,0,0,0,0,"0,03","0,01",0,"0,02",0,1,0,0,0,0,0,0,0,0,0
6309,22,21-30,Masculino,0,1,0,1,Outros,6622,0,1,8,0,0,"0,03","0,01",0,"0,03","0,07",0,0,0,0,0,0,1,0,1,0
19143,22,21-30,Masculino,0,1,0,1,Outros,6622,0,0,0,0,0,"0,03","0,01",0,"0,02",0,0,0,0,0,0,0,0,0,0,0
23737,22,21-30,Masculino,0,1,0,1,Outros,6622,0,1,0,0,0,"0,03","0,01",0,"0,02","0,07",0,0,0,0,0,0,1,0,1,0
9696,22,21-30,Feminino,0,1,0,1,Outros,6622,0,1,36,0,0,"0,03","0,01",0,"0,06","0,07",1,0,0,0,0,0,1,0,1,0
35417,22,21-30,Masculino,0,2,0,2,Outros,6675,0,1,212,0,0,"0,04","0,02",0,0,"0,07",0,0,1,0,0,0,1,0,2,0
2501,22,21-30,Feminino,0,2,0,2,Outros,1600,0,0,0,0,0,"0,04","0,01",0,"0,02",0,1,0,1,0,0,0,0,0,1,0
35688,22,21-30,Masculino,0,2,0,2,Outros,2000,0,0,0,0,0,"0,04","0,03",0,"0,02",0,0,0,1,0,0,0,0,0,1,0
24286,22,21-30,Feminino,0,2,0,2,Outros,6622,0,0,0,0,0,"0,04","0,01",0,"0,02",0,1,0,1,0,0,0,0,1,2,0
31374,22,21-30,Masculino,0,2,0,2,Outros,6622,0,0,0,0,0,"0,04","0,01",0,"0,02",0,0,0,1,0,0,0,0,0,1,0
2240,22,21-30,Masculino,0,2,0,2,Outros,6622,0,0,0,0,0,"0,04","0,01",0,"0,02",0,0,0,1,0,0,0,0,0,1,0
25132,22,21-30,Masculino,0,2,0,2,Outros,6622,0,1,5,0,0,"0,04","0,01",0,0,"0,07",0,0,1,0,0,0,1,0,2,0
21860,22,21-30,Masculino,0,2,0,2,Outros,6622,0,0,0,0,0,"0,04","0,01",0,"0,02",0,0,0,1,0,0,0,0,1,2,0
17714,22,21-30,Masculino,0,2,0,2,Outros,2745,0,0,0,0,0,"0,04",0,0,"0,02",0,0,0,1,0,0,0,0,0,1,0
21372,22,21-30,Masculino,0,2,0,2,Outros,6622,0,0,0,0,0,"0,04","0,01",0,"0,02",0,0,0,1,0,0,0,0,1,2,0
20487,22,21-30,Masculino,0,2,0,2,Outros,6675,0,1,50,0,0,"0,04","0,02",0,0,"0,07",0,0,1,0,0,0,1,0,2,0
31952,22,21-30,Masculino,0,2,0,2,Outros,6622,0,0,0,0,0,"0,04","0,01",0,"0,02",0,0,0,1,0,0,0,0,1,2,0
23035,22,21-30,Masculino,0,2,0,2,Outros,6622,0,1,0,0,0,"0,04","0,01",0,"0,02","0,07",0,0,1,0,0,0,1,1,3,0
771,22,21-30,Masculino,0,2,0,2,Outros,6622,0,1,0,0,0,"0,04","0,01",0,"0,02","0,07",0,0,1,0,0,0,1,0,2,0
12666,22,21-30,Feminino,0,2,0,2,Outros,6675,0,1,37,0,0,"0,04","0,02",0,0,"0,07",1,0,1,0,0,0,1,0,2,0
33171,22,21-30,Masculino,0,2,0,2,Outros,3000,0,1,0,0,0,"0,04","0,04",0,"0,02","0,07",0,0,1,0,0,0,1,0,2,0
22960,22,21-30,Masculino,0,2,0,2,Outros,1920,0,0,0,0,0,"0,04",0,0,"0,02",0,0,0,1,0,0,0,0,0,1,0
3045,22,21-30,Masculino,0,2,0,2,Outros,6622,0,0,0,0,0,"0,04","0,01",0,"0,02",0,0,0,1,0,0,0,0,0,1,0
24166,22,21-30,Feminino,0,2,0,2,Outros,6622,0,0,0,0,0,"0,04","0,01",0,"0,02",0,1,0,1,0,0,0,0,0,1,0
1792,22,21-30,Masculino,0,2,0,2,Outros,6622,0,0,0,0,0,"0,04","0,01",0,"0,02",0,0,0,1,0,0,0,0,0,1,0
11173,22,21-30,Feminino,0,2,0,2,Outros,4500,0,1,0,0,0,"0,04","0,03",0,"0,02","0,07",1,0,1,0,0,0,1,0,2,0
6865,22,21-30,Masculino,0,2,0,2,Outros,6622,0,0,1,0,0,"0,04","0,01",0,"0,03",0,0,0,1,0,0,0,0,0,1,0
33153,22,21-30,Feminino,0,2,0,2,Outros,6622,0,0,0,0,0,"0,04","0,01",0,"0,02",0,1,0,1,0,0,0,0,1,2,0
33917,22,21-30,Masculino,0,2,0,2,Outros,6622,0,0,0,0,0,"0,04","0,01",0,"0,02",0,0,0,1,0,0,0,0,0,1,0
35846,22,21-30,Feminino,0,2,0,2,Outros,6622,0,0,0,0,0,"0,04","0,01",0,"0,02",0,1,0,1,0,0,0,0,0,1,0
13479,22,21-30,Feminino,0,2,0,2,Outros,1500,0,0,0,0,0,"0,04","0,02",0,"0,02",0,1,0,1,0,0,0,0,0,1,0
13011,22,21-30,Masculino,0,3,0,3,Outros,2280,0,1,0,0,0,"0,03",0,0,"0,02","0,07",0,0,0,0,0,0,1,0,1,0
17528,22,21-30,Masculino,0,3,0,3,Outros,2150,0,1,0,0,0,"0,03",0,0,"0,02","0,07",0,0,0,0,0,0,1,0,1,0
22115,22,21-30,Masculino,0,3,0,3,Outros,1500,0,1,0,0,0,"0,03","0,02",0,"0,02","0,07",0,0,0,0,0,0,1,0,1,0
13965,22,21-30,Masculino,0,3,0,3,Outros,2000,0,1,0,0,0,"0,03","0,03",0,"0,02","0,07",0,0,0,0,0,0,1,1,2,0
7700,22,21-30,Masculino,0,3,0,3,Outros,1700,0,0,0,0,0,"0,03",0,0,"0,02",0,0,0,0,0,0,0,0,0,0,0
7628,22,21-30,Masculino,0,3,0,3,Outros,6622,0,1,28,0,0,"0,03","0,01",0,0,"0,07",0,0,0,0,0,0,1,1,2,0
5465,22,21-30,Masculino,0,3,0,3,Outros,1500,0,0,0,0,0,"0,03","0,02",0,"0,02",0,0,0,0,0,0,0,0,0,0,0
11082,22,21-30,Masculino,0,3,0,3,Outros,6622,0,1,0,0,0,"0,03","0,01",0,"0,02","0,07",0,0,0,0,0,0,1,0,1,0
9401,22,21-30,Feminino,0,3,0,3,Outros,6622,2,1,0,0,0,"0,03","0,01","0,45","0,02","0,07",1,0,0,0,0,0,1,0,1,0
13521,22,21-30,Feminino,0,3,0,3,Outros,6675,0,0,23,0,0,"0,03","0,02",0,0,0,1,0,0,0,0,0,0,1,1,0
941,22,21-30,Feminino,0,3,0,3,Outros,2745,0,0,0,0,0,"0,03",0,0,"0,02",0,1,0,0,0,0,0,0,0,0,0
23513,22,21-30,Feminino,0,3,0,3,Outros,6622,0,0,0,0,0,"0,03","0,01",0,"0,02",0,1,0,0,0,0,0,0,0,0,0
35562,22,21-30,Masculino,0,3,0,3,Outros,6622,0,0,0,0,0,"0,03","0,01",0,"0,02",0,0,0,0,0,0,0,0,0,0,0
19672,22,21-30,Masculino,0,4,0,4,Outros,6622,0,0,1,0,0,"0,03","0,01",0,"0,03",0,0,0,0,0,0,0,0,0,0,0
796,22,21-30,Feminino,0,4,0,4,Outros,6622,0,1,0,0,0,"0,03","0,01",0,"0,02","0,07",1,0,0,0,0,0,1,1,2,0
7661,22,21-30,Feminino,0,4,0,4,Outros,2000,0,0,0,0,0,"0,03","0,03",0,"0,02",0,1,0,0,0,0,0,0,0,0,0
34618,22,21-30,Feminino,0,5,0,5,Outros,6622,0,0,0,0,0,"0,03","0,01",0,"0,02",0,1,0,0,0,0,0,0,0,0,0
1158,22,21-30,Feminino,0,5,0,5,Outros,6622,0,0,0,0,0,"0,03","0,01",0,"0,02",0,1,0,0,0,0,0,0,0,0,0
9076,22,21-30,Feminino,0,5,0,5,Outros,3600,0,0,0,0,0,"0,03","0,04",0,"0,02",0,1,0,0,0,0,0,0,0,0,0
22396,22,21-30,Feminino,0,7,0,7,Outros,1540,0,0,0,0,0,"0,01",0,0,"0,02",0,1,0,0,0,0,0,0,0,0,0
10498,23,21-30,Feminino,0,0,0,0,Sem registro,6622,1,1,0,0,"0,02","0,14","0,01","0,18","0,02","0,07",1,0,1,0,0,0,1,0,2,0
15497,23,21-30,Masculino,0,0,0,0,Sem registro,6675,0,1,12,0,"0,02","0,14","0,02",0,"0,04","0,07",0,0,1,0,0,0,1,0,2,0
19010,23,21-30,Feminino,0,0,0,0,Sem registro,6675,0,1,0,0,"0,02","0,14","0,02",0,"0,02","0,07",1,0,1,0,0,0,1,1,3,0
5558,23,21-30,Feminino,0,0,0,0,Sem registro,3000,0,1,0,0,"0,02","0,14","0,04",0,"0,02","0,07",1,0,1,0,0,0,1,0,2,0
18765,23,21-30,Masculino,0,0,0,0,Sem registro,6675,0,1,60,0,"0,02","0,14","0,02",0,0,"0,07",0,0,1,0,0,0,1,0,2,0
20887,23,21-30,Masculino,0,0,0,0,Sem registro,6675,0,1,2,0,"0,02","0,14","0,02",0,"0,03","0,07",0,0,1,0,0,0,1,0,2,0
252,23,21-30,Masculino,0,0,0,0,Sem registro,6622,0,1,0,0,"0,02","0,14","0,01",0,"0,02","0,07",0,0,1,0,0,0,1,0,2,0
7328,23,21-30,Masculino,0,0,0,0,Sem registro,6675,0,1,0,0,"0,02","0,14","0,02",0,"0,02","0,07",0,0,1,0,0,0,1,0,2,0
31655,23,21-30,Masculino,0,0,0,0,Sem registro,6675,98,1,0,0,"0,02","0,14","0,02","0,81","0,02","0,07",0,0,1,0,1,0,1,1,4,1
23337,23,21-30,Masculino,0,1,0,1,Outros,6622,0,0,2,0,"0,02","0,03","0,01",0,"0,03",0,0,0,0,0,0,0,0,1,1,0
33365,23,21-30,Masculino,0,1,0,1,Outros,6622,0,0,6,0,"0,02","0,03","0,01",0,0,0,0,0,0,0,0,0,0,0,0,0
34629,23,21-30,Masculino,0,1,0,1,Outros,6622,0,0,0,0,"0,02","0,03","0,01",0,"0,02",0,0,0,0,0,0,0,0,0,0,0
29602,23,21-30,Masculino,0,1,0,1,Outros,6622,0,1,0,0,"0,02","0,03","0,01",0,"0,02","0,07",0,0,0,0,0,0,1,0,1,0
32806,23,21-30,Feminino,0,1,0,1,Outros,6622,0,1,0,0,"0,02","0,03","0,01",0,"0,02","0,07",1,0,0,0,0,0,1,0,1,0
34378,23,21-30,Feminino,0,1,0,1,Outros,6622,0,0,0,0,"0,02","0,03","0,01",0,"0,02",0,1,0,0,0,0,0,0,1,1,0
35368,23,21-30,Masculino,0,1,0,1,Outros,6622,0,1,0,0,"0,02","0,03","0,01",0,"0,02","0,07",0,0,0,0,0,0,1,0,1,0
6329,23,21-30,Masculino,0,1,0,1,Outros,1641,0,0,0,0,"0,02","0,03",0,0,"0,02",0,0,0,0,0,0,0,0,0,0,0
6735,23,21-30,Masculino,0,1,0,1,Outros,6622,0,1,0,0,"0,02","0,03","0,01",0,"0,02","0,07",0,0,0,0,0,0,1,0,1,0
21989,23,21-30,Masculino,0,1,0,1,Outros,6675,0,1,4,0,"0,02","0,03","0,02",0,"0,03","0,07",0,0,0,0,0,0,1,1,2,0
15726,23,21-30,Feminino,0,1,0,1,Outros,6675,0,1,14,0,"0,02","0,03","0,02",0,"0,06","0,07",1,0,0,0,0,0,1,0,1,0
10655,23,21-30,Masculino,0,1,0,1,Outros,3586,0,1,0,1,"0,02","0,03",0,0,"0,02","0,07",0,0,0,0,0,0,1,1,2,0
24679,23,21-30,Feminino,0,1,0,1,Outros,6675,0,1,1,0,"0,02","0,03","0,02",0,"0,03","0,07",1,0,0,0,0,0,1,1,2,0
35680,23,21-30,Masculino,0,1,0,1,Outros,6622,0,1,0,0,"0,02","0,03","0,01",0,"0,02","0,07",0,0,0,0,0,0,1,0,1,0
2757,23,21-30,Masculino,0,1,0,1,Outros,6675,0,0,0,0,"0,02","0,03","0,02",0,"0,02",0,0,0,0,0,0,0,0,0,0,0
7486,23,21-30,Feminino,0,1,0,1,Outros,1923,0,1,0,0,"0,02","0,03",0,0,"0,02","0,07",1,0,0,0,0,0,1,0,1,0
32879,23,21-30,Feminino,0,1,0,1,Outros,6622,0,1,0,0,"0,02","0,03","0,01",0,"0,02","0,07",1,0,0,0,0,0,1,0,1,0
3232,23,21-30,Masculino,0,1,0,1,Outros,4583,0,1,0,0,"0,02","0,03","0,04",0,"0,02","0,07",0,0,0,0,0,0,1,1,2,0
20127,23,21-30,Masculino,0,1,0,1,Outros,6622,0,1,0,0,"0,02","0,03","0,01",0,"0,02","0,07",0,0,0,0,0,0,1,0,1,0
17810,23,21-30,Feminino,0,1,0,1,Outros,2364,0,1,0,0,"0,02","0,03",0,0,"0,02","0,07",1,0,0,0,0,0,1,0,1,0
27519,23,21-30,Feminino,0,1,0,1,Outros,6622,0,1,0,0,"0,02","0,03","0,01",0,"0,02","0,07",1,0,0,0,0,0,1,1,2,0
19133,23,21-30,Feminino,0,1,0,1,Outros,2000,0,1,0,0,"0,02","0,03","0,03",0,"0,02","0,07",1,0,0,0,0,0,1,0,1,0
10352,23,21-30,Masculino,0,1,0,1,Outros,6622,0,0,0,0,"0,02","0,03","0,01",0,"0,02",0,0,0,0,0,0,0,0,1,1,0
14274,23,21-30,Masculino,0,1,0,1,Outros,3500,0,0,0,0,"0,02","0,03","0,02",0,"0,02",0,0,0,0,0,0,0,0,0,0,0
31183,23,21-30,Masculino,0,1,0,1,Outros,6622,0,0,0,0,"0,02","0,03","0,01",0,"0,02",0,0,0,0,0,0,0,0,0,0,0
24255,23,21-30,Masculino,0,1,0,1,Outros,6622,0,1,0,0,"0,02","0,03","0,01",0,"0,02","0,07",0,0,0,0,0,0,1,0,1,0
13724,23,21-30,Feminino,0,1,0,1,Outros,6675,0,1,0,0,"0,02","0,03","0,02",0,"0,02","0,07",1,0,0,0,0,0,1,0,1,0
1791,23,21-30,Masculino,0,1,0,1,Outros,6622,0,0,1,0,"0,02","0,03","0,01",0,"0,03",0,0,0,0,0,0,0,0,0,0,0
24688,23,21-30,Masculino,0,1,0,1,Outros,6622,0,0,0,0,"0,02","0,03","0,01",0,"0,02",0,0,0,0,0,0,0,0,0,0,0
30323,23,21-30,Masculino,0,1,0,1,Outros,6622,0,1,0,0,"0,02","0,03","0,01",0,"0,02","0,07",0,0,0,0,0,0,1,0,1,0
20894,23,21-30,Masculino,0,1,0,1,Outros,3200,0,1,0,0,"0,02","0,03","0,03",0,"0,02","0,07",0,0,0,0,0,0,1,0,1,0
6958,23,21-30,Feminino,0,1,0,1,Outros,6675,0,1,40,0,"0,02","0,03","0,02",0,0,"0,07",1,0,0,0,0,0,1,0,1,0
28152,23,21-30,Masculino,0,1,0,1,Outros,6622,0,1,0,0,"0,02","0,03","0,01",0,"0,02","0,07",0,0,0,0,0,0,1,1,2,0
2393,23,21-30,Feminino,0,1,0,1,Outros,6622,0,1,0,0,"0,02","0,03","0,01",0,"0,02","0,07",1,0,0,0,0,0,1,0,1,0
24963,23,21-30,Masculino,0,1,0,1,Outros,6622,0,1,0,0,"0,02","0,03","0,01",0,"0,02","0,07",0,0,0,0,0,0,1,0,1,0
23215,23,21-30,Masculino,0,1,0,1,Outros,6622,0,1,0,0,"0,02","0,03","0,01",0,"0,02","0,07",0,0,0,0,0,0,1,0,1,0
9347,23,21-30,Masculino,0,1,0,1,Outros,6622,0,1,0,0,"0,02","0,03","0,01",0,"0,02","0,07",0,0,0,0,0,0,1,0,1,0
2243,23,21-30,Masculino,0,1,0,1,Outros,6622,0,1,0,0,"0,02","0,03","0,01",0,"0,02","0,07",0,0,0,0,0,0,1,1,2,0
223,23,21-30,Masculino,0,1,0,1,Outros,6622,0,1,0,0,"0,02","0,03","0,01",0,"0,02","0,07",0,0,0,0,0,0,1,0,1,0
26965,23,21-30,Masculino,0,1,0,1,Outros,6622,0,0,0,0,"0,02","0,03","0,01",0,"0,02",0,0,0,0,0,0,0,0,0,0,0
3314,23,21-30,Masculino,0,1,0,1,Outros,6675,0,1,582,0,"0,02","0,03","0,02",0,0,"0,07",0,0,0,0,0,0,1,1,2,0
29965,23,21-30,Masculino,0,1,0,1,Outros,6675,0,0,0,0,"0,02","0,03","0,02",0,"0,02",0,0,0,0,0,0,0,0,0,0,0
2262,23,21-30,Masculino,0,1,0,1,Outros,6622,0,1,0,0,"0,02","0,03","0,01",0,"0,02","0,07",0,0,0,0,0,0,1,1,2,0
16494,23,21-30,Masculino,0,1,0,1,Outros,2600,0,1,0,0,"0,02","0,03","0,02",0,"0,02","0,07",0,0,0,0,0,0,1,0,1,0
3569,23,21-30,Masculino,0,1,0,1,Outros,6622,0,0,0,0,"0,02","0,03","0,01",0,"0,02",0,0,0,0,0,0,0,0,0,0,0
34659,23,21-30,Feminino,0,1,0,1,Outros,6622,0,1,0,0,"0,02","0,03","0,01",0,"0,02","0,07",1,0,0,0,0,0,1,0,1,0
28293,23,21-30,Feminino,0,1,0,1,Outros,1800,0,1,0,0,"0,02","0,03","0,05",0,"0,02","0,07",1,0,0,0,0,0,1,1,2,0
879,23,21-30,Feminino,0,1,0,1,Outros,6622,0,1,249,0,"0,02","0,03","0,01",0,"0,2","0,07",1,0,0,0,0,1,1,0,2,0
25214,23,21-30,Masculino,0,2,0,2,Outros,2000,0,1,0,0,"0,02","0,04","0,03",0,"0,02","0,07",0,0,1,0,0,0,1,0,2,0
4357,23,21-30,Masculino,0,2,0,2,Outros,6622,0,1,0,0,"0,02","0,04","0,01",0,"0,02","0,07",0,0,1,0,0,0,1,0,2,0
2686,23,21-30,Feminino,0,2,0,2,Outros,1527,0,0,0,0,"0,02","0,04",0,0,"0,02",0,1,0,1,0,0,0,0,1,2,0
15354,23,21-30,Masculino,0,2,0,2,Outros,6622,0,0,0,0,"0,02","0,04","0,01",0,"0,02",0,0,0,1,0,0,0,0,0,1,0
29260,23,21-30,Masculino,0,2,0,2,Outros,6622,0,1,152,0,"0,02","0,04","0,01",0,0,"0,07",0,0,1,0,0,0,1,0,2,0
32564,23,21-30,Feminino,0,2,0,2,Outros,6675,0,1,61,0,"0,02","0,04","0,02",0,0,"0,07",1,0,1,0,0,0,1,0,2,0
11223,23,21-30,Masculino,0,2,0,2,Outros,6622,0,1,0,0,"0,02","0,04","0,01",0,"0,02","0,07",0,0,1,0,0,0,1,0,2,0
7334,23,21-30,Masculino,0,2,0,2,Outros,6622,0,1,19,0,"0,02","0,04","0,01",0,"0,04","0,07",0,0,1,0,0,0,1,0,2,0
6411,23,21-30,Masculino,0,2,0,2,Outros,1500,0,1,0,0,"0,02","0,04","0,02",0,"0,02","0,07",0,0,1,0,0,0,1,1,3,0
29627,23,21-30,Masculino,0,2,0,2,Outros,6622,0,0,6,0,"0,02","0,04","0,01",0,0,0,0,0,1,0,0,0,0,0,1,0
1141,23,21-30,Feminino,0,2,0,2,Outros,1800,0,0,0,0,"0,02","0,04","0,05",0,"0,02",0,1,0,1,0,0,0,0,0,1,0
11842,23,21-30,Masculino,0,2,0,2,Outros,6622,0,1,25,0,"0,02","0,04","0,01",0,0,"0,07",0,0,1,0,0,0,1,0,2,0
4842,23,21-30,Masculino,0,2,0,2,Outros,3333,0,1,0,0,"0,02","0,04","0,02",0,"0,02","0,07",0,0,1,0,0,0,1,1,3,0
23258,23,21-30,Feminino,0,2,0,2,Outros,2500,0,0,0,0,"0,02","0,04","0,04",0,"0,02",0,1,0,1,0,0,0,0,0,1,0
23738,23,21-30,Feminino,0,2,0,2,Outros,6622,0,1,0,0,"0,02","0,04","0,01",0,"0,02","0,07",1,0,1,0,0,0,1,0,2,0
31732,23,21-30,Masculino,0,2,0,2,Outros,6622,0,1,0,0,"0,02","0,04","0,01",0,"0,02","0,07",0,0,1,0,0,0,1,1,3,0
17316,23,21-30,Feminino,0,2,0,2,Outros,6622,0,0,0,0,"0,02","0,04","0,01",0,"0,02",0,1,0,1,0,0,0,0,0,1,0
29248,23,21-30,Masculino,0,2,0,2,Outros,1855,0,1,0,0,"0,02","0,04",0,0,"0,02","0,07",0,0,1,0,0,0,1,0,2,0
30006,23,21-30,Feminino,0,2,0,2,Outros,6622,0,0,0,0,"0,02","0,04","0,01",0,"0,02",0,1,0,1,0,0,0,0,0,1,0
9808,23,21-30,Masculino,0,2,0,2,Outros,6622,0,1,0,1,"0,02","0,04","0,01",0,"0,02","0,07",0,0,1,0,0,0,1,1,3,0
28029,23,21-30,Masculino,0,2,0,2,Outros,3800,0,0,0,0,"0,02","0,04","0,04",0,"0,02",0,0,0,1,0,0,0,0,0,1,0
22256,23,21-30,Feminino,0,2,0,2,Outros,6622,0,0,0,0,"0,02","0,04","0,01",0,"0,02",0,1,0,1,0,0,0,0,0,1,0
16571,23,21-30,Masculino,0,2,0,2,Outros,2100,0,0,0,0,"0,02","0,04","0,02",0,"0,02",0,0,0,1,0,0,0,0,0,1,0
34072,23,21-30,Masculino,0,2,0,2,Outros,6675,0,0,0,0,"0,02","0,04","0,02",0,"0,02",0,0,0,1,0,0,0,0,0,1,0
1831,23,21-30,Masculino,0,2,0,2,Outros,6622,0,1,0,0,"0,02","0,04","0,01",0,"0,02","0,07",0,0,1,0,0,0,1,0,2,0
33482,23,21-30,Masculino,0,2,0,2,Outros,6622,0,0,0,0,"0,02","0,04","0,01",0,"0,02",0,0,0,1,0,0,0,0,1,2,0
785,23,21-30,Masculino,0,2,0,2,Outros,6675,0,1,188,2,"0,02","0,04","0,02",0,0,"0,07",0,0,1,0,0,0,1,1,3,0
24571,23,21-30,Masculino,0,2,0,2,Outros,3900,0,1,0,0,"0,02","0,04","0,06",0,"0,02","0,07",0,0,1,0,0,0,1,0,2,0
16383,23,21-30,Masculino,0,2,0,2,Outros,6675,0,1,264,0,"0,02","0,04","0,02",0,0,"0,07",0,0,1,0,0,0,1,0,2,0
26128,23,21-30,Masculino,0,2,0,2,Outros,3000,0,0,0,0,"0,02","0,04","0,04",0,"0,02",0,0,0,1,0,0,0,0,1,2,0
22278,23,21-30,Feminino,0,2,0,2,Outros,1700,0,0,0,0,"0,02","0,04",0,0,"0,02",0,1,0,1,0,0,0,0,1,2,0
25780,23,21-30,Masculino,0,2,0,2,Outros,3500,0,1,0,0,"0,02","0,04","0,02",0,"0,02","0,07",0,0,1,0,0,0,1,0,2,0
11256,23,21-30,Feminino,0,2,0,2,Outros,6622,0,0,0,0,"0,02","0,04","0,01",0,"0,02",0,1,0,1,0,0,0,0,0,1,0
1782,23,21-30,Masculino,0,2,0,2,Outros,6622,0,0,13,0,"0,02","0,04","0,01",0,0,0,0,0,1,0,0,0,0,0,1,0
11378,23,21-30,Feminino,0,2,0,2,Outros,6622,0,0,0,0,"0,02","0,04","0,01",0,"0,02",0,1,0,1,0,0,0,0,0,1,0
26832,23,21-30,Masculino,0,2,0,2,Outros,6622,0,0,0,0,"0,02","0,04","0,01",0,"0,02",0,0,0,1,0,0,0,0,0,1,0
22633,23,21-30,Feminino,0,2,0,2,Outros,6622,0,0,0,0,"0,02","0,04","0,01",0,"0,02",0,1,0,1,0,0,0,0,0,1,0
10501,23,21-30,Feminino,0,2,0,2,Outros,6622,0,0,0,0,"0,02","0,04","0,01",0,"0,02",0,1,0,1,0,0,0,0,0,1,0
4724,23,21-30,Feminino,0,2,0,2,Outros,2557,0,0,0,0,"0,02","0,04",0,0,"0,02",0,1,0,1,0,0,0,0,0,1,0
2129,23,21-30,Masculino,0,2,0,2,Outros,6622,0,0,0,0,"0,02","0,04","0,01",0,"0,02",0,0,0,1,0,0,0,0,0,1,0
14059,23,21-30,Feminino,0,2,0,2,Outros,2000,0,0,0,0,"0,02","0,04","0,03",0,"0,02",0,1,0,1,0,0,0,0,0,1,0
4720,23,21-30,Masculino,0,2,0,2,Outros,10000,0,0,0,0,"0,02","0,04","0,01",0,"0,02",0,0,0,1,0,0,0,0,0,1,0
4341,23,21-30,Feminino,0,2,0,2,Outros,6622,1,0,0,0,"0,02","0,04","0,01","0,18","0,02",0,1,0,1,0,0,0,0,0,1,0
33904,23,21-30,Feminino,0,2,0,2,Outros,6622,0,0,0,0,"0,02","0,04","0,01",0,"0,02",0,1,0,1,0,0,0,0,0,1,0
337,23,21-30,Masculino,0,2,0,2,Outros,6622,0,1,0,0,"0,02","0,04","0,01",0,"0,02","0,07",0,0,1,0,0,0,1,0,2,0
9350,23,21-30,Feminino,0,2,0,2,Outros,6622,0,0,0,0,"0,02","0,04","0,01",0,"0,02",0,1,0,1,0,0,0,0,0,1,0
35480,23,21-30,Masculino,0,2,0,2,Outros,6622,0,1,0,0,"0,02","0,04","0,01",0,"0,02","0,07",0,0,1,0,0,0,1,0,2,0
2308,23,21-30,Masculino,0,3,0,3,Outros,6675,0,0,85,0,"0,02","0,03","0,02",0,0,0,0,0,0,0,0,0,0,0,0,0
3996,23,21-30,Feminino,0,3,0,3,Outros,3500,0,1,0,1,"0,02","0,03","0,02",0,"0,02","0,07",1,0,0,0,0,0,1,1,2,0
30413,23,21-30,Feminino,0,3,0,3,Outros,6622,0,0,0,0,"0,02","0,03","0,01",0,"0,02",0,1,0,0,0,0,0,0,0,0,0
6769,23,21-30,Masculino,0,3,0,3,Outros,3000,0,0,0,0,"0,02","0,03","0,04",0,"0,02",0,0,0,0,0,0,0,0,0,0,0
5687,23,21-30,Masculino,0,3,0,3,Outros,6622,0,0,0,0,"0,02","0,03","0,01",0,"0,02",0,0,0,0,0,0,0,0,0,0,0
398,23,21-30,Feminino,0,3,0,3,Outros,2557,0,0,0,0,"0,02","0,03",0,0,"0,02",0,1,0,0,0,0,0,0,0,0,0
19807,23,21-30,Masculino,1,3,0,3,Outros,6675,1,1,687,0,"0,02","0,03","0,02","0,18","0,33","0,07",0,0,0,0,0,1,1,1,3,0
18508,23,21-30,Masculino,0,3,0,3,Outros,1800,0,0,0,0,"0,02","0,03","0,05",0,"0,02",0,0,0,0,0,0,0,0,0,0,0
29737,23,21-30,Masculino,0,3,0,3,Outros,2680,0,1,0,0,"0,02","0,03",0,0,"0,02","0,07",0,0,0,0,0,0,1,0,1,0
1012,23,21-30,Masculino,1,3,0,3,Outros,6000,4,1,0,1,"0,02","0,03","0,02","0,86","0,02","0,07",0,0,0,0,1,0,1,1,3,0
99,23,21-30,Feminino,0,3,0,3,Outros,2200,0,0,0,0,"0,02","0,03","0,07",0,"0,02",0,1,0,0,0,0,0,0,0,0,0
23044,23,21-30,Feminino,0,3,0,3,Outros,6622,0,0,1,0,"0,02","0,03","0,01",0,"0,03",0,1,0,0,0,0,0,0,0,0,0
20319,23,21-30,Feminino,0,3,0,3,Outros,6622,0,0,0,0,"0,02","0,03","0,01",0,"0,02",0,1,0,0,0,0,0,0,0,0,0
6476,23,21-30,Feminino,0,3,0,3,Outros,6622,0,0,0,0,"0,02","0,03","0,01",0,"0,02",0,1,0,0,0,0,0,0,0,0,0
16614,23,21-30,Masculino,0,3,0,3,Outros,1906,0,1,0,1,"0,02","0,03",0,0,"0,02","0,07",0,0,0,0,0,0,1,1,2,0
25057,23,21-30,Masculino,0,3,0,3,Outros,6622,0,1,0,0,"0,02","0,03","0,01",0,"0,02","0,07",0,0,0,0,0,0,1,0,1,0
8628,23,21-30,Masculino,0,3,0,3,Outros,3040,0,0,0,0,"0,02","0,03",0,0,"0,02",0,0,0,0,0,0,0,0,0,0,0
16136,23,21-30,Feminino,0,3,0,3,Outros,6622,0,0,0,0,"0,02","0,03","0,01",0,"0,02",0,1,0,0,0,0,0,0,0,0,0
18974,23,21-30,Masculino,0,4,0,4,Outros,6150,1,1,0,0,"0,02","0,03","0,08","0,18","0,02","0,07",0,0,0,0,0,0,1,0,1,0
26841,23,21-30,Feminino,0,4,0,4,Outros,6622,0,1,1,0,"0,02","0,03","0,01",0,"0,03","0,07",1,0,0,0,0,0,1,0,1,0
2991,23,21-30,Masculino,0,4,0,4,Outros,3700,0,0,0,0,"0,02","0,03","0,01",0,"0,02",0,0,0,0,0,0,0,0,1,1,0
11474,23,21-30,Masculino,0,4,0,4,Outros,6622,0,0,0,0,"0,02","0,03","0,01",0,"0,02",0,0,0,0,0,0,0,0,0,0,0
16887,23,21-30,Masculino,0,4,0,4,Outros,1500,0,0,0,0,"0,02","0,03","0,02",0,"0,02",0,0,0,0,0,0,0,0,0,0,0
31301,23,21-30,Feminino,0,4,0,4,Outros,6675,0,1,152,0,"0,02","0,03","0,02",0,0,"0,07",1,0,0,0,0,0,1,0,1,0
3546,23,21-30,Feminino,0,4,0,4,Outros,1580,0,0,0,0,"0,02","0,03",0,0,"0,02",0,1,0,0,0,0,0,0,0,0,0
15584,23,21-30,Feminino,0,4,0,4,Outros,6622,0,0,0,0,"0,02","0,03","0,01",0,"0,02",0,1,0,0,0,0,0,0,0,0,0
20806,23,21-30,Feminino,0,4,0,4,Outros,6622,0,0,0,0,"0,02","0,03","0,01",0,"0,02",0,1,0,0,0,0,0,0,0,0,0
22033,23,21-30,Feminino,0,4,0,4,Outros,3083,0,0,0,0,"0,02","0,03",0,0,"0,02",0,1,0,0,0,0,0,0,1,1,0
20830,23,21-30,Feminino,0,4,0,4,Outros,1700,0,0,0,0,"0,02","0,03",0,0,"0,02",0,1,0,0,0,0,0,0,0,0,0
34758,23,21-30,Feminino,0,4,0,4,Outros,2500,0,0,0,0,"0,02","0,03","0,04",0,"0,02",0,1,0,0,0,0,0,0,0,0,0
25772,23,21-30,Masculino,0,5,0,5,Outros,1660,0,0,0,0,"0,02","0,03",0,0,"0,02",0,0,0,0,0,0,0,0,0,0,0
5513,23,21-30,Feminino,0,5,0,5,Outros,2700,0,0,0,0,"0,02","0,03","0,04",0,"0,02",0,1,0,0,0,0,0,0,0,0,0
26602,23,21-30,Masculino,0,5,0,5,Outros,3100,0,1,0,0,"0,02","0,03","0,04",0,"0,02","0,07",0,0,0,0,0,0,1,1,2,0
27773,23,21-30,Feminino,0,5,0,5,Outros,6675,0,0,98,0,"0,02","0,03","0,02",0,0,0,1,0,0,0,0,0,0,0,0,0
3762,23,21-30,Masculino,0,5,0,5,Outros,6622,0,0,0,0,"0,02","0,03","0,01",0,"0,02",0,0,0,0,0,0,0,0,1,1,0
2167,23,21-30,Masculino,0,5,0,5,Outros,1750,0,1,0,0,"0,02","0,03",0,0,"0,02","0,07",0,0,0,0,0,0,1,0,1,0
1027,23,21-30,Masculino,0,5,1,4,Imobiliários/Outros,1666,0,1,0,0,"0,02","0,03",0,0,"0,02","0,07",0,0,0,0,0,0,1,0,1,0
31237,23,21-30,Masculino,0,5,0,5,Outros,1729,0,0,0,0,"0,02","0,03",0,0,"0,02",0,0,0,0,0,0,0,0,1,1,0
29688,23,21-30,Masculino,0,5,0,5,Outros,3400,0,0,0,0,"0,02","0,03","0,03",0,"0,02",0,0,0,0,0,0,0,0,0,0,0
7540,23,21-30,Masculino,0,6,0,6,Outros,3229,0,0,0,0,"0,02","0,02",0,0,"0,02",0,0,0,0,0,0,0,0,0,0,0
69,23,21-30,Masculino,0,7,0,7,Outros,6675,0,1,1092,0,"0,02","0,01","0,02",0,0,"0,07",0,0,0,0,0,0,1,0,1,0
29795,23,21-30,Masculino,0,7,0,7,Outros,2700,0,1,0,0,"0,02","0,01","0,04",0,"0,02","0,07",0,0,0,0,0,0,1,1,2,0
18888,23,21-30,Masculino,0,7,0,7,Outros,2557,0,0,0,0,"0,02","0,01",0,0,"0,02",0,0,0,0,0,0,0,0,0,0,0
23709,23,21-30,Masculino,0,7,0,7,Outros,2500,0,0,0,0,"0,02","0,01","0,04",0,"0,02",0,0,0,0,0,0,0,0,0,0,0
17527,23,21-30,Masculino,0,8,0,8,Outros,1500,0,1,0,0,"0,02","0,01","0,02",0,"0,02","0,07",0,0,0,0,0,0,1,0,1,0
8505,23,21-30,Masculino,0,8,0,8,Outros,6622,0,0,0,0,"0,02","0,01","0,01",0,"0,02",0,0,0,0,0,0,0,0,1,1,0
12567,23,21-30,Masculino,0,8,0,8,Outros,6622,0,1,0,0,"0,02","0,01","0,01",0,"0,02","0,07",0,0,0,0,0,0,1,0,1,0
15253,23,21-30,Feminino,0,8,0,8,Outros,5654,0,1,0,3,"0,02","0,01",0,0,"0,02","0,07",1,0,0,0,0,0,1,1,2,0
7058,23,21-30,Feminino,1,10,0,10,Outros,1914,4,1,0,1,"0,02","0,01",1,"0,86","0,02","0,07",1,0,0,1,1,0,1,1,4,1
29247,24,21-30,Masculino,0,0,0,0,Sem registro,2025,0,1,0,0,"0,04","0,14",0,0,"0,02","0,07",0,1,1,0,0,0,1,1,4,1
28253,24,21-30,Feminino,0,0,0,0,Sem registro,6622,0,1,0,0,"0,04","0,14","0,01",0,"0,02","0,07",1,1,1,0,0,0,1,0,3,0
23390,24,21-30,Feminino,0,0,0,0,Sem registro,6675,1,1,16,0,"0,04","0,14","0,02","0,18",0,"0,07",1,1,1,0,0,0,1,0,3,0
12589,24,21-30,Masculino,0,0,0,0,Sem registro,6622,1,1,0,0,"0,04","0,14","0,01","0,18","0,02","0,07",0,1,1,0,0,0,1,0,3,0
20605,24,21-30,Masculino,0,0,0,0,Sem registro,6675,0,1,66,0,"0,04","0,14","0,02",0,0,"0,07",0,1,1,0,0,0,1,1,4,1
25661,24,21-30,Feminino,0,0,0,0,Sem registro,6675,0,1,49,0,"0,04","0,14","0,02",0,"0,09","0,07",1,1,1,0,0,0,1,0,3,0
29590,24,21-30,Feminino,0,0,0,0,Sem registro,6622,98,1,0,0,"0,04","0,14","0,01","0,81","0,02","0,07",1,1,1,0,1,0,1,0,4,1
12542,24,21-30,Masculino,1,0,0,0,Sem registro,6675,98,1,0,0,"0,04","0,14","0,02","0,81","0,02","0,07",0,1,1,0,1,0,1,0,4,1
5323,24,21-30,Masculino,1,0,0,0,Sem registro,6675,98,1,0,0,"0,04","0,14","0,02","0,81","0,02","0,07",0,1,1,0,1,0,1,0,4,1
25244,24,21-30,Feminino,1,0,0,0,Sem registro,6675,98,1,54,0,"0,04","0,14","0,02","0,81","0,07","0,07",1,1,1,0,1,0,1,0,4,1
26777,24,21-30,Masculino,1,0,0,0,Sem registro,6622,98,1,0,0,"0,04","0,14","0,01","0,81","0,02","0,07",0,1,1,0,1,0,1,1,5,1
11279,24,21-30,Feminino,0,0,0,0,Sem registro,6675,0,1,0,0,"0,04","0,14","0,02",0,"0,02","0,07",1,1,1,0,0,0,1,0,3,0
12559,24,21-30,Feminino,0,1,0,1,Outros,6622,0,1,0,0,"0,04","0,03","0,01",0,"0,02","0,07",1,1,0,0,0,0,1,0,2,0
296,24,21-30,Feminino,0,1,0,1,Outros,6622,0,1,1,0,"0,04","0,03","0,01",0,"0,03","0,07",1,1,0,0,0,0,1,0,2,0
31409,24,21-30,Masculino,0,1,0,1,Outros,6622,0,0,0,0,"0,04","0,03","0,01",0,"0,02",0,0,1,0,0,0,0,0,1,2,0
20399,24,21-30,Feminino,0,1,0,1,Outros,3000,0,0,0,0,"0,04","0,03","0,04",0,"0,02",0,1,1,0,0,0,0,0,0,1,0
35909,24,21-30,Masculino,0,1,0,1,Outros,2500,0,1,0,0,"0,04","0,03","0,04",0,"0,02","0,07",0,1,0,0,0,0,1,0,2,0
4165,24,21-30,Masculino,0,1,0,1,Outros,6675,0,1,520,0,"0,04","0,03","0,02",0,0,"0,07",0,1,0,0,0,0,1,1,3,0
6123,24,21-30,Masculino,0,1,0,1,Outros,6622,0,1,0,0,"0,04","0,03","0,01",0,"0,02","0,07",0,1,0,0,0,0,1,0,2,0
10287,24,21-30,Masculino,0,1,0,1,Outros,6675,0,1,3,0,"0,04","0,03","0,02",0,"0,04","0,07",0,1,0,0,0,0,1,0,2,0
7324,24,21-30,Feminino,0,1,0,1,Outros,6675,0,1,0,0,"0,04","0,03","0,02",0,"0,02","0,07",1,1,0,0,0,0,1,0,2,0
16873,24,21-30,Feminino,0,1,0,1,Outros,6622,0,0,6,0,"0,04","0,03","0,01",0,0,0,1,1,0,0,0,0,0,1,2,0
12573,24,21-30,Feminino,0,1,0,1,Outros,6622,0,1,0,0,"0,04","0,03","0,01",0,"0,02","0,07",1,1,0,0,0,0,1,1,3,0
35241,24,21-30,Feminino,1,1,0,1,Outros,6675,1,1,286,0,"0,04","0,03","0,02","0,18","0,5","0,07",1,1,0,0,0,1,1,0,3,0
11111,24,21-30,Masculino,0,1,0,1,Outros,6675,0,1,0,0,"0,04","0,03","0,02",0,"0,02","0,07",0,1,0,0,0,0,1,1,3,0
4513,24,21-30,Feminino,0,1,0,1,Outros,6622,0,0,0,0,"0,04","0,03","0,01",0,"0,02",0,1,1,0,0,0,0,0,0,1,0
1714,24,21-30,Masculino,0,1,0,1,Outros,6622,0,1,0,0,"0,04","0,03","0,01",0,"0,02","0,07",0,1,0,0,0,0,1,0,2,0
9700,24,21-30,Masculino,0,1,0,1,Outros,6675,0,0,19,0,"0,04","0,03","0,02",0,"0,04",0,0,1,0,0,0,0,0,0,1,0
19020,24,21-30,Masculino,0,1,0,1,Outros,6675,0,0,4,0,"0,04","0,03","0,02",0,"0,03",0,0,1,0,0,0,0,0,0,1,0
18157,24,21-30,Masculino,0,1,0,1,Outros,6622,0,0,8,0,"0,04","0,03","0,01",0,"0,03",0,0,1,0,0,0,0,0,0,1,0
12694,24,21-30,Masculino,0,1,0,1,Outros,6622,0,0,0,0,"0,04","0,03","0,01",0,"0,02",0,0,1,0,0,0,0,0,1,2,0
15966,24,21-30,Feminino,0,1,0,1,Outros,3200,0,1,0,0,"0,04","0,03","0,03",0,"0,02","0,07",1,1,0,0,0,0,1,0,2,0
1914,24,21-30,Masculino,0,1,0,1,Outros,6622,0,1,0,0,"0,04","0,03","0,01",0,"0,02","0,07",0,1,0,0,0,0,1,0,2,0
19978,24,21-30,Feminino,0,1,0,1,Outros,6622,0,1,0,0,"0,04","0,03","0,01",0,"0,02","0,07",1,1,0,0,0,0,1,1,3,0
2142,24,21-30,Masculino,0,1,0,1,Outros,6622,0,1,0,0,"0,04","0,03","0,01",0,"0,02","0,07",0,1,0,0,0,0,1,0,2,0
18594,24,21-30,Masculino,0,1,0,1,Outros,2252,0,0,0,1,"0,04","0,03",0,0,"0,02",0,0,1,0,0,0,0,0,1,2,0
8662,24,21-30,Masculino,0,1,0,1,Outros,3438,0,1,0,0,"0,04","0,03",0,0,"0,02","0,07",0,1,0,0,0,0,1,0,2,0
29739,24,21-30,Feminino,0,1,0,1,Outros,6675,0,1,503,0,"0,04","0,03","0,02",0,0,"0,07",1,1,0,0,0,0,1,0,2,0
11693,24,21-30,Feminino,0,1,0,1,Outros,4500,0,0,0,0,"0,04","0,03","0,03",0,"0,02",0,1,1,0,0,0,0,0,0,1,0
15986,24,21-30,Feminino,0,1,0,1,Outros,6622,1,1,0,1,"0,04","0,03","0,01","0,18","0,02","0,07",1,1,0,0,0,0,1,1,3,0
5361,24,21-30,Feminino,0,1,0,1,Outros,6675,0,0,0,0,"0,04","0,03","0,02",0,"0,02",0,1,1,0,0,0,0,0,0,1,0
21531,24,21-30,Masculino,0,1,0,1,Outros,2800,0,1,0,0,"0,04","0,03","0,04",0,"0,02","0,07",0,1,0,0,0,0,1,1,3,0
24946,24,21-30,Feminino,0,1,0,1,Outros,1879,0,1,0,1,"0,04","0,03",0,0,"0,02","0,07",1,1,0,0,0,0,1,1,3,0
17681,24,21-30,Feminino,0,1,0,1,Outros,6675,0,1,0,0,"0,04","0,03","0,02",0,"0,02","0,07",1,1,0,0,0,0,1,0,2,0
5037,24,21-30,Masculino,0,1,0,1,Outros,6622,1,1,0,0,"0,04","0,03","0,01","0,18","0,02","0,07",0,1,0,0,0,0,1,0,2,0
22023,24,21-30,Masculino,0,2,0,2,Outros,6622,0,0,0,0,"0,04","0,04","0,01",0,"0,02",0,0,1,1,0,0,0,0,0,2,0
32963,24,21-30,Masculino,0,2,0,2,Outros,1750,0,0,0,0,"0,04","0,04",0,0,"0,02",0,0,1,1,0,0,0,0,0,2,0
24591,24,21-30,Masculino,0,2,0,2,Outros,6622,0,1,0,0,"0,04","0,04","0,01",0,"0,02","0,07",0,1,1,0,0,0,1,0,3,0
547,24,21-30,Masculino,0,2,0,2,Outros,6675,0,0,41,0,"0,04","0,04","0,02",0,0,0,0,1,1,0,0,0,0,0,2,0
10867,24,21-30,Masculino,0,2,0,2,Outros,6622,0,0,0,0,"0,04","0,04","0,01",0,"0,02",0,0,1,1,0,0,0,0,1,3,0
8604,24,21-30,Feminino,0,2,0,2,Outros,6675,0,1,137,0,"0,04","0,04","0,02",0,0,"0,07",1,1,1,0,0,0,1,0,3,0
2710,24,21-30,Feminino,0,2,0,2,Outros,6675,0,0,545,0,"0,04","0,04","0,02",0,0,0,1,1,1,0,0,0,0,0,2,0
23760,24,21-30,Masculino,0,2,0,2,Outros,6675,0,0,3,0,"0,04","0,04","0,02",0,"0,04",0,0,1,1,0,0,0,0,0,2,0
3732,24,21-30,Masculino,0,2,0,2,Outros,6622,0,0,0,0,"0,04","0,04","0,01",0,"0,02",0,0,1,1,0,0,0,0,0,2,0
14884,24,21-30,Feminino,0,2,0,2,Outros,3000,0,0,0,0,"0,04","0,04","0,04",0,"0,02",0,1,1,1,0,0,0,0,0,2,0
16859,24,21-30,Feminino,0,2,0,2,Outros,6622,0,0,0,0,"0,04","0,04","0,01",0,"0,02",0,1,1,1,0,0,0,0,0,2,0
5956,24,21-30,Feminino,0,2,0,2,Outros,3000,0,1,0,0,"0,04","0,04","0,04",0,"0,02","0,07",1,1,1,0,0,0,1,1,4,1
1999,24,21-30,Feminino,1,2,0,2,Outros,6622,4,1,0,1,"0,04","0,04","0,01","0,86","0,02","0,07",1,1,1,0,1,0,1,1,5,1
22871,24,21-30,Masculino,0,2,0,2,Outros,6622,0,0,48,0,"0,04","0,04","0,01",0,0,0,0,1,1,0,0,0,0,0,2,0
3549,24,21-30,Masculino,0,2,0,2,Outros,2745,0,1,0,0,"0,04","0,04",0,0,"0,02","0,07",0,1,1,0,0,0,1,1,4,1
6267,24,21-30,Masculino,0,2,0,2,Outros,2557,0,1,0,0,"0,04","0,04",0,0,"0,02","0,07",0,1,1,0,0,0,1,0,3,0
1112,24,21-30,Masculino,0,2,0,2,Outros,1879,0,0,0,0,"0,04","0,04",0,0,"0,02",0,0,1,1,0,0,0,0,0,2,0
35038,24,21-30,Feminino,0,2,0,2,Outros,6622,0,1,0,0,"0,04","0,04","0,01",0,"0,02","0,07",1,1,1,0,0,0,1,1,4,1
11574,24,21-30,Masculino,0,2,0,2,Outros,1703,0,0,0,0,"0,04","0,04",0,0,"0,02",0,0,1,1,0,0,0,0,0,2,0
5067,24,21-30,Masculino,0,2,0,2,Outros,6622,0,0,29,0,"0,04","0,04","0,01",0,0,0,0,1,1,0,0,0,0,0,2,0
26553,24,21-30,Feminino,0,2,0,2,Outros,3314,0,1,0,1,"0,04","0,04",0,0,"0,02","0,07",1,1,1,0,0,0,1,1,4,1
14273,24,21-30,Feminino,0,2,0,2,Outros,6622,0,1,0,0,"0,04","0,04","0,01",0,"0,02","0,07",1,1,1,0,0,0,1,0,3,0
10425,24,21-30,Masculino,0,2,0,2,Outros,6622,0,0,0,0,"0,04","0,04","0,01",0,"0,02",0,0,1,1,0,0,0,0,0,2,0
2967,24,21-30,Masculino,0,2,0,2,Outros,1600,0,0,0,0,"0,04","0,04","0,01",0,"0,02",0,0,1,1,0,0,0,0,0,2,0
26592,24,21-30,Masculino,0,2,0,2,Outros,6622,0,0,1,0,"0,04","0,04","0,01",0,"0,03",0,0,1,1,0,0,0,0,0,2,0
25353,24,21-30,Feminino,0,2,0,2,Outros,6622,0,1,0,0,"0,04","0,04","0,01",0,"0,02","0,07",1,1,1,0,0,0,1,1,4,1
12984,24,21-30,Feminino,0,2,0,2,Outros,6622,0,1,0,0,"0,04","0,04","0,01",0,"0,02","0,07",1,1,1,0,0,0,1,0,3,0
20928,24,21-30,Masculino,0,2,0,2,Outros,2750,0,1,0,0,"0,04","0,04","0,06",0,"0,02","0,07",0,1,1,0,0,0,1,0,3,0
9143,24,21-30,Masculino,0,2,0,2,Outros,1600,0,0,0,0,"0,04","0,04","0,01",0,"0,02",0,0,1,1,0,0,0,0,1,3,0
13216,24,21-30,Feminino,0,2,0,2,Outros,6622,0,0,4,0,"0,04","0,04","0,01",0,"0,03",0,1,1,1,0,0,0,0,0,2,0
7906,24,21-30,Feminino,0,2,0,2,Outros,1600,0,0,0,0,"0,04","0,04","0,01",0,"0,02",0,1,1,1,0,0,0,0,0,2,0
28191,24,21-30,Masculino,0,2,0,2,Outros,3000,0,0,0,0,"0,04","0,04","0,04",0,"0,02",0,0,1,1,0,0,0,0,0,2,0
801,24,21-30,Feminino,0,2,0,2,Outros,2800,0,0,0,0,"0,04","0,04","0,04",0,"0,02",0,1,1,1,0,0,0,0,0,2,0
9973,24,21-30,Feminino,0,2,0,2,Outros,6622,0,0,0,0,"0,04","0,04","0,01",0,"0,02",0,1,1,1,0,0,0,0,1,3,0
24427,24,21-30,Masculino,0,2,0,2,Outros,1900,0,1,0,0,"0,04","0,04","0,07",0,"0,02","0,07",0,1,1,0,0,0,1,0,3,0
23327,24,21-30,Masculino,0,2,0,2,Outros,3700,0,1,0,0,"0,04","0,04","0,01",0,"0,02","0,07",0,1,1,0,0,0,1,0,3,0
3701,24,21-30,Feminino,0,2,0,2,Outros,6622,0,0,0,0,"0,04","0,04","0,01",0,"0,02",0,1,1,1,0,0,0,0,0,2,0
22927,24,21-30,Masculino,0,3,0,3,Outros,6622,0,0,7,0,"0,04","0,03","0,01",0,0,0,0,1,0,0,0,0,0,0,1,0
23921,24,21-30,Feminino,0,3,0,3,Outros,1700,0,0,0,0,"0,04","0,03",0,0,"0,02",0,1,1,0,0,0,0,0,0,1,0
33833,24,21-30,Feminino,0,3,0,3,Outros,6622,0,1,0,0,"0,04","0,03","0,01",0,"0,02","0,07",1,1,0,0,0,0,1,1,3,0
2342,24,21-30,Masculino,0,3,0,3,Outros,6622,0,0,1,0,"0,04","0,03","0,01",0,"0,03",0,0,1,0,0,0,0,0,0,1,0
7889,24,21-30,Masculino,0,3,0,3,Outros,6622,0,0,1,0,"0,04","0,03","0,01",0,"0,03",0,0,1,0,0,0,0,0,0,1,0
7699,24,21-30,Feminino,0,3,0,3,Outros,1687,0,1,0,0,"0,04","0,03",0,0,"0,02","0,07",1,1,0,0,0,0,1,0,2,0
24236,24,21-30,Feminino,0,3,0,3,Outros,6622,0,1,0,0,"0,04","0,03","0,01",0,"0,02","0,07",1,1,0,0,0,0,1,0,2,0
17123,24,21-30,Masculino,0,3,0,3,Outros,3166,0,1,0,0,"0,04","0,03","0,04",0,"0,02","0,07",0,1,0,0,0,0,1,1,3,0
10566,24,21-30,Feminino,0,3,0,3,Outros,3270,0,0,0,0,"0,04","0,03",0,0,"0,02",0,1,1,0,0,0,0,0,0,1,0
762,24,21-30,Masculino,0,3,0,3,Outros,3600,0,1,0,2,"0,04","0,03","0,04",0,"0,02","0,07",0,1,0,0,0,0,1,1,3,0
8716,24,21-30,Feminino,0,3,0,3,Outros,3800,0,1,0,0,"0,04","0,03","0,04",0,"0,02","0,07",1,1,0,0,0,0,1,0,2,0
30901,24,21-30,Feminino,0,3,0,3,Outros,2042,0,0,0,0,"0,04","0,03",0,0,"0,02",0,1,1,0,0,0,0,0,0,1,0
24163,24,21-30,Masculino,0,3,0,3,Outros,1600,0,1,1,2,"0,04","0,03","0,01",0,"0,03","0,07",0,1,0,0,0,0,1,1,3,0
3329,24,21-30,Masculino,0,3,0,3,Outros,4000,0,0,0,0,"0,04","0,03","0,02",0,"0,02",0,0,1,0,0,0,0,0,0,1,0
20139,24,21-30,Feminino,0,3,0,3,Outros,3800,0,0,0,0,"0,04","0,03","0,04",0,"0,02",0,1,1,0,0,0,0,0,0,1,0
29366,24,21-30,Feminino,1,3,0,3,Outros,6622,1,1,1,0,"0,04","0,03","0,01","0,18","0,03","0,07",1,1,0,0,0,0,1,0,2,0
34133,24,21-30,Feminino,0,3,0,3,Outros,2248,0,0,0,0,"0,04","0,03",0,0,"0,02",0,1,1,0,0,0,0,0,0,1,0
12102,24,21-30,Masculino,0,3,0,3,Outros,6622,0,0,0,0,"0,04","0,03","0,01",0,"0,02",0,0,1,0,0,0,0,0,1,2,0
24131,24,21-30,Masculino,0,3,0,3,Outros,3450,0,0,0,0,"0,04","0,03",0,0,"0,02",0,0,1,0,0,0,0,0,0,1,0
20810,24,21-30,Feminino,0,3,0,3,Outros,2200,0,0,0,0,"0,04","0,03","0,07",0,"0,02",0,1,1,0,0,0,0,0,1,2,0
3391,24,21-30,Masculino,0,3,0,3,Outros,6622,0,0,0,0,"0,04","0,03","0,01",0,"0,02",0,0,1,0,0,0,0,0,0,1,0
24818,24,21-30,Feminino,0,3,0,3,Outros,6675,0,0,520,0,"0,04","0,03","0,02",0,0,0,1,1,0,0,0,0,0,0,1,0
13252,24,21-30,Masculino,0,3,0,3,Outros,1700,0,0,0,0,"0,04","0,03",0,0,"0,02",0,0,1,0,0,0,0,0,0,1,0
4503,24,21-30,Masculino,0,3,0,3,Outros,1620,0,1,0,0,"0,04","0,03",0,0,"0,02","0,07",0,1,0,0,0,0,1,0,2,0
25859,24,21-30,Feminino,0,3,0,3,Outros,4000,0,1,0,2,"0,04","0,03","0,02",0,"0,02","0,07",1,1,0,0,0,0,1,1,3,0
33240,24,21-30,Masculino,0,3,0,3,Outros,1500,0,1,0,0,"0,04","0,03","0,02",0,"0,02","0,07",0,1,0,0,0,0,1,1,3,0
28750,24,21-30,Feminino,0,3,0,3,Outros,7083,0,0,0,0,"0,04","0,03",0,0,"0,02",0,1,1,0,0,0,0,0,0,1,0
9213,24,21-30,Feminino,0,3,0,3,Outros,6675,0,0,344,0,"0,04","0,03","0,02",0,0,0,1,1,0,0,0,0,0,0,1,0
24349,24,21-30,Masculino,0,3,0,3,Outros,2557,0,0,0,0,"0,04","0,03",0,0,"0,02",0,0,1,0,0,0,0,0,0,1,0
28241,24,21-30,Feminino,0,3,0,3,Outros,1600,0,1,0,1,"0,04","0,03","0,01",0,"0,02","0,07",1,1,0,0,0,0,1,1,3,0
1242,24,21-30,Masculino,0,3,0,3,Outros,6675,0,1,281,0,"0,04","0,03","0,02",0,0,"0,07",0,1,0,0,0,0,1,0,2,0
3873,24,21-30,Feminino,0,3,0,3,Outros,6622,0,1,0,0,"0,04","0,03","0,01",0,"0,02","0,07",1,1,0,0,0,0,1,0,2,0
14894,24,21-30,Masculino,0,3,0,3,Outros,5000,0,0,0,0,"0,04","0,03","0,02",0,"0,02",0,0,1,0,0,0,0,0,0,1,0
35186,24,21-30,Feminino,0,3,0,3,Outros,2171,0,0,0,1,"0,04","0,03",0,0,"0,02",0,1,1,0,0,0,0,0,1,2,0
8255,24,21-30,Masculino,0,3,0,3,Outros,2032,0,1,0,0,"0,04","0,03","0,33",0,"0,02","0,07",0,1,0,1,0,0,1,0,3,0
22435,24,21-30,Masculino,0,3,0,3,Outros,6675,0,0,550,0,"0,04","0,03","0,02",0,0,0,0,1,0,0,0,0,0,1,2,0
1479,24,21-30,Feminino,0,4,0,4,Outros,4333,0,1,0,0,"0,04","0,03","0,06",0,"0,02","0,07",1,1,0,0,0,0,1,1,3,0
1092,24,21-30,Masculino,0,4,0,4,Outros,6622,0,0,0,0,"0,04","0,03","0,01",0,"0,02",0,0,1,0,0,0,0,0,0,1,0
7688,24,21-30,Masculino,0,4,0,4,Outros,6622,0,0,1,0,"0,04","0,03","0,01",0,"0,03",0,0,1,0,0,0,0,0,0,1,0
9169,24,21-30,Masculino,0,4,0,4,Outros,6622,0,1,0,2,"0,04","0,03","0,01",0,"0,02","0,07",0,1,0,0,0,0,1,1,3,0
3407,24,21-30,Masculino,0,4,0,4,Outros,6622,0,0,0,0,"0,04","0,03","0,01",0,"0,02",0,0,1,0,0,0,0,0,0,1,0
18783,24,21-30,Masculino,0,4,0,4,Outros,3750,0,0,0,0,"0,04","0,03","0,02",0,"0,02",0,0,1,0,0,0,0,0,0,1,0
1939,24,21-30,Feminino,0,4,0,4,Outros,6622,0,0,1,0,"0,04","0,03","0,01",0,"0,03",0,1,1,0,0,0,0,0,0,1,0
7310,24,21-30,Feminino,0,4,0,4,Outros,6622,0,1,0,0,"0,04","0,03","0,01",0,"0,02","0,07",1,1,0,0,0,0,1,0,2,0
16253,24,21-30,Feminino,0,4,0,4,Outros,6622,0,0,1,0,"0,04","0,03","0,01",0,"0,03",0,1,1,0,0,0,0,0,0,1,0
6926,24,21-30,Feminino,0,4,0,4,Outros,3700,0,1,0,0,"0,04","0,03","0,01",0,"0,02","0,07",1,1,0,0,0,0,1,0,2,0
18420,24,21-30,Masculino,0,4,0,4,Outros,2076,0,1,0,0,"0,04","0,03",0,0,"0,02","0,07",0,1,0,0,0,0,1,0,2,0
10913,24,21-30,Feminino,0,4,0,4,Outros,6833,0,1,0,1,"0,04","0,03",0,0,"0,02","0,07",1,1,0,0,0,0,1,1,3,0
23933,24,21-30,Feminino,0,4,0,4,Outros,2557,0,0,0,0,"0,04","0,03",0,0,"0,02",0,1,1,0,0,0,0,0,0,1,0
35919,24,21-30,Feminino,0,4,0,4,Outros,6622,0,1,0,0,"0,04","0,03","0,01",0,"0,02","0,07",1,1,0,0,0,0,1,0,2,0
14707,24,21-30,Masculino,0,4,0,4,Outros,4802,0,1,0,0,"0,04","0,03",0,0,"0,02","0,07",0,1,0,0,0,0,1,1,3,0
5351,24,21-30,Masculino,0,4,0,4,Outros,1500,0,0,0,0,"0,04","0,03","0,02",0,"0,02",0,0,1,0,0,0,0,0,0,1,0
5447,24,21-30,Masculino,0,4,0,4,Outros,1560,0,0,0,0,"0,04","0,03",0,0,"0,02",0,0,1,0,0,0,0,0,1,2,0
12137,24,21-30,Masculino,0,4,0,4,Outros,6622,0,1,1,0,"0,04","0,03","0,01",0,"0,03","0,07",0,1,0,0,0,0,1,1,3,0
33997,24,21-30,Masculino,0,4,0,4,Outros,6622,0,0,0,0,"0,04","0,03","0,01",0,"0,02",0,0,1,0,0,0,0,0,0,1,0
18045,24,21-30,Masculino,0,5,0,5,Outros,2416,0,0,0,1,"0,04","0,03",0,0,"0,02",0,0,1,0,0,0,0,0,1,2,0
18719,24,21-30,Feminino,0,5,0,5,Outros,6622,0,0,0,0,"0,04","0,03","0,01",0,"0,02",0,1,1,0,0,0,0,0,0,1,0
9421,24,21-30,Feminino,0,5,0,5,Outros,6622,0,0,0,0,"0,04","0,03","0,01",0,"0,02",0,1,1,0,0,0,0,0,0,1,0
13402,24,21-30,Masculino,0,5,0,5,Outros,6622,0,0,0,0,"0,04","0,03","0,01",0,"0,02",0,0,1,0,0,0,0,0,0,1,0
2551,24,21-30,Masculino,0,5,0,5,Outros,6622,0,0,1,0,"0,04","0,03","0,01",0,"0,03",0,0,1,0,0,0,0,0,1,2,0
23424,24,21-30,Feminino,0,5,0,5,Outros,1821,0,1,0,0,"0,04","0,03",0,0,"0,02","0,07",1,1,0,0,0,0,1,0,2,0
25813,24,21-30,Feminino,0,5,0,5,Outros,2000,0,0,0,0,"0,04","0,03","0,03",0,"0,02",0,1,1,0,0,0,0,0,1,2,0
21152,24,21-30,Masculino,0,5,0,5,Outros,6622,0,0,1,0,"0,04","0,03","0,01",0,"0,03",0,0,1,0,0,0,0,0,1,2,0
17713,24,21-30,Feminino,0,5,0,5,Outros,2666,0,1,0,0,"0,04","0,03",0,0,"0,02","0,07",1,1,0,0,0,0,1,0,2,0
30347,24,21-30,Masculino,0,5,0,5,Outros,5300,0,0,0,0,"0,04","0,03","0,05",0,"0,02",0,0,1,0,0,0,0,0,0,1,0
12971,24,21-30,Masculino,0,5,0,5,Outros,1600,0,0,0,1,"0,04","0,03","0,01",0,"0,02",0,0,1,0,0,0,0,0,1,2,0
27368,24,21-30,Masculino,0,5,0,5,Outros,3000,0,0,0,0,"0,04","0,03","0,04",0,"0,02",0,0,1,0,0,0,0,0,0,1,0
26546,24,21-30,Feminino,0,5,0,5,Outros,1500,0,1,0,0,"0,04","0,03","0,02",0,"0,02","0,07",1,1,0,0,0,0,1,0,2,0
30215,24,21-30,Masculino,0,5,0,5,Outros,6622,0,0,1,0,"0,04","0,03","0,01",0,"0,03",0,0,1,0,0,0,0,0,0,1,0
874,24,21-30,Masculino,0,5,0,5,Outros,6675,0,0,45,0,"0,04","0,03","0,02",0,"0,07",0,0,1,0,0,0,0,0,0,1,0
29427,24,21-30,Masculino,0,5,0,5,Outros,6622,0,0,0,0,"0,04","0,03","0,01",0,"0,02",0,0,1,0,0,0,0,0,0,1,0
4245,24,21-30,Masculino,0,5,0,5,Outros,6622,0,1,0,0,"0,04","0,03","0,01",0,"0,02","0,07",0,1,0,0,0,0,1,1,3,0
15099,24,21-30,Feminino,0,5,0,5,Outros,6622,1,1,1,0,"0,04","0,03","0,01","0,18","0,03","0,07",1,1,0,0,0,0,1,0,2,0
7146,24,21-30,Feminino,0,6,0,6,Outros,2557,0,0,0,0,"0,04","0,02",0,0,"0,02",0,1,1,0,0,0,0,0,0,1,0
4291,24,21-30,Masculino,0,6,0,6,Outros,1500,0,1,1,0,"0,04","0,02","0,02",0,"0,03","0,07",0,1,0,0,0,0,1,0,2,0
17870,24,21-30,Feminino,0,6,0,6,Outros,2600,0,0,0,0,"0,04","0,02","0,02",0,"0,02",0,1,1,0,0,0,0,0,0,1,0
13668,24,21-30,Masculino,0,6,0,6,Outros,2037,0,1,0,0,"0,04","0,02",0,0,"0,02","0,07",0,1,0,0,0,0,1,1,3,0
2604,24,21-30,Feminino,0,6,0,6,Outros,4400,0,0,0,1,"0,04","0,02","0,02",0,"0,02",0,1,1,0,0,0,0,0,1,2,0
35522,24,21-30,Masculino,0,6,0,6,Outros,2100,0,0,0,0,"0,04","0,02","0,02",0,"0,02",0,0,1,0,0,0,0,0,0,1,0
18698,24,21-30,Feminino,0,6,0,6,Outros,2708,0,0,0,0,"0,04","0,02",0,0,"0,02",0,1,1,0,0,0,0,0,1,2,0
16088,24,21-30,Masculino,0,6,0,6,Outros,4824,0,0,0,0,"0,04","0,02",0,0,"0,02",0,0,1,0,0,0,0,0,0,1,0
273,24,21-30,Feminino,0,6,0,6,Outros,2000,0,1,0,0,"0,04","0,02","0,03",0,"0,02","0,07",1,1,0,0,0,0,1,0,2,0
25584,24,21-30,Feminino,0,6,0,6,Outros,1640,0,1,0,0,"0,04","0,02",0,0,"0,02","0,07",1,1,0,0,0,0,1,1,3,0
28765,24,21-30,Masculino,0,7,0,7,Outros,3240,0,0,0,0,"0,04","0,01",0,0,"0,02",0,0,1,0,0,0,0,0,0,1,0
30205,24,21-30,Masculino,0,7,0,7,Outros,1892,0,0,0,1,"0,04","0,01",0,0,"0,02",0,0,1,0,0,0,0,0,1,2,0
4580,24,21-30,Masculino,0,7,0,7,Outros,3731,0,0,0,0,"0,04","0,01",0,0,"0,02",0,0,1,0,0,0,0,0,0,1,0
24116,24,21-30,Feminino,0,7,0,7,Outros,4100,0,0,0,1,"0,04","0,01","0,07",0,"0,02",0,1,1,0,0,0,0,0,1,2,0
19920,24,21-30,Masculino,0,8,0,8,Outros,6675,0,1,250,0,"0,04","0,01","0,02",0,0,"0,07",0,1,0,0,0,0,1,1,3,0
9801,24,21-30,Feminino,0,8,0,8,Outros,3500,0,0,0,0,"0,04","0,01","0,02",0,"0,02",0,1,1,0,0,0,0,0,0,1,0
7827,24,21-30,Masculino,0,8,2,6,Imobiliários/Outros,3200,0,0,0,0,"0,04","0,01","0,03",0,"0,02",0,0,1,0,0,0,0,0,0,1,0
8966,24,21-30,Feminino,0,8,0,8,Outros,6622,0,1,0,0,"0,04","0,01","0,01",0,"0,02","0,07",1,1,0,0,0,0,1,0,2,0
22178,24,21-30,Feminino,0,9,0,9,Outros,6675,0,1,176,0,"0,04","0,01","0,02",0,0,"0,07",1,1,0,0,0,0,1,0,2,0
6325,24,21-30,Masculino,0,9,1,8,Imobiliários/Outros,3500,0,0,1,0,"0,04","0,01","0,02",0,"0,03",0,0,1,0,0,0,0,0,0,1,0
15387,24,21-30,Masculino,0,11,0,11,Outros,3000,0,0,0,0,"0,04","0,01","0,04",0,"0,02",0,0,1,0,0,0,0,0,0,1,0
1680,24,21-30,Masculino,0,11,0,11,Outros,4400,0,0,0,1,"0,04","0,01","0,02",0,"0,02",0,0,1,0,0,0,0,0,1,2,0
4955,25,21-30,Masculino,0,0,0,0,Sem registro,6622,0,1,0,0,"0,06","0,14","0,01",0,"0,02","0,07",0,1,1,0,0,0,1,0,3,0
22882,25,21-30,Masculino,1,0,0,0,Sem registro,3360,98,1,0,0,"0,06","0,14","0,1","0,81","0,02","0,07",0,1,1,0,1,0,1,0,4,1
8394,25,21-30,Masculino,1,0,0,0,Sem registro,6675,98,1,0,0,"0,06","0,14","0,02","0,81","0,02","0,07",0,1,1,0,1,0,1,0,4,1
13935,25,21-30,Masculino,0,0,0,0,Sem registro,1872,0,1,0,0,"0,06","0,14","0,5",0,"0,02","0,07",0,1,1,1,0,0,1,1,5,1
35069,25,21-30,Masculino,0,0,0,0,Sem registro,6675,0,1,0,0,"0,06","0,14","0,02",0,"0,02","0,07",0,1,1,0,0,0,1,0,3,0
29278,25,21-30,Feminino,0,0,0,0,Sem registro,6622,1,1,0,0,"0,06","0,14","0,01","0,18","0,02","0,07",1,1,1,0,0,0,1,0,3,0
6359,25,21-30,Feminino,1,0,0,0,Sem registro,1916,98,1,0,0,"0,06","0,14","0,25","0,81","0,02","0,07",1,1,1,1,1,0,1,0,5,1
3833,25,21-30,Feminino,0,0,0,0,Sem registro,2640,0,1,0,1,"0,06","0,14",0,0,"0,02","0,07",1,1,1,0,0,0,1,1,4,1
12253,25,21-30,Feminino,0,0,0,0,Sem registro,6675,0,1,875,0,"0,06","0,14","0,02",0,0,"0,07",1,1,1,0,0,0,1,0,3,0
22169,25,21-30,Masculino,0,0,0,0,Sem registro,1800,0,1,0,0,"0,06","0,14","0,05",0,"0,02","0,07",0,1,1,0,0,0,1,0,3,0
21362,25,21-30,Masculino,1,0,0,0,Sem registro,6675,98,1,22,0,"0,06","0,14","0,02","0,81","0,05","0,07",0,1,1,0,1,0,1,0,4,1
33591,25,21-30,Masculino,0,0,0,0,Sem registro,6622,2,1,0,0,"0,06","0,14","0,01","0,45","0,02","0,07",0,1,1,0,0,0,1,0,3,0
9518,25,21-30,Feminino,0,0,0,0,Sem registro,6675,1,1,17,0,"0,06","0,14","0,02","0,18",0,"0,07",1,1,1,0,0,0,1,0,3,0
23007,25,21-30,Masculino,0,0,0,0,Sem registro,1649,1,1,0,0,"0,06","0,14",0,"0,18","0,02","0,07",0,1,1,0,0,0,1,0,3,0
24667,25,21-30,Masculino,0,0,0,0,Sem registro,6622,98,1,0,0,"0,06","0,14","0,01","0,81","0,02","0,07",0,1,1,0,1,0,1,0,4,1
9060,25,21-30,Masculino,1,1,0,1,Outros,3375,5,1,0,2,"0,06","0,03","0,4","0,61","0,02","0,07",0,1,0,1,0,0,1,1,4,1
23117,25,21-30,Masculino,0,1,0,1,Outros,6675,0,1,0,0,"0,06","0,03","0,02",0,"0,02","0,07",0,1,0,0,0,0,1,0,2,0
32614,25,21-30,Masculino,0,1,0,1,Outros,2745,0,1,0,0,"0,06","0,03",0,0,"0,02","0,07",0,1,0,0,0,0,1,0,2,0
2652,25,21-30,Masculino,0,1,0,1,Outros,2500,0,1,0,0,"0,06","0,03","0,04",0,"0,02","0,07",0,1,0,0,0,0,1,1,3,0
32691,25,21-30,Masculino,0,1,0,1,Outros,2128,0,0,0,0,"0,06","0,03",0,0,"0,02",0,0,1,0,0,0,0,0,0,1,0
19576,25,21-30,Feminino,0,1,0,1,Outros,3223,0,1,0,0,"0,06","0,03",0,0,"0,02","0,07",1,1,0,0,0,0,1,0,2,0
6061,25,21-30,Feminino,0,1,0,1,Outros,3300,0,1,0,0,"0,06","0,03","0,03",0,"0,02","0,07",1,1,0,0,0,0,1,1,3,0
15558,25,21-30,Feminino,0,1,0,1,Outros,6622,0,1,0,0,"0,06","0,03","0,01",0,"0,02","0,07",1,1,0,0,0,0,1,1,3,0
24268,25,21-30,Masculino,0,1,0,1,Outros,3500,0,1,0,0,"0,06","0,03","0,02",0,"0,02","0,07",0,1,0,0,0,0,1,0,2,0
10897,25,21-30,Masculino,0,1,0,1,Outros,6675,0,1,241,3,"0,06","0,03","0,02",0,0,"0,07",0,1,0,0,0,0,1,1,3,0
20677,25,21-30,Masculino,0,1,0,1,Outros,2000,0,0,0,0,"0,06","0,03","0,03",0,"0,02",0,0,1,0,0,0,0,0,1,2,0
16845,25,21-30,Masculino,0,1,0,1,Outros,1500,0,0,0,1,"0,06","0,03","0,02",0,"0,02",0,0,1,0,0,0,0,0,1,2,0
33651,25,21-30,Masculino,0,1,0,1,Outros,6622,0,1,0,0,"0,06","0,03","0,01",0,"0,02","0,07",0,1,0,0,0,0,1,0,2,0
3012,25,21-30,Masculino,0,1,0,1,Outros,3000,0,0,0,0,"0,06","0,03","0,04",0,"0,02",0,0,1,0,0,0,0,0,0,1,0
33291,25,21-30,Masculino,0,1,0,1,Outros,2211,0,0,0,0,"0,06","0,03",0,0,"0,02",0,0,1,0,0,0,0,0,0,1,0
10742,25,21-30,Masculino,0,1,0,1,Outros,3000,0,1,0,0,"0,06","0,03","0,04",0,"0,02","0,07",0,1,0,0,0,0,1,0,2,0
16308,25,21-30,Masculino,0,1,0,1,Outros,3100,0,1,0,0,"0,06","0,03","0,04",0,"0,02","0,07",0,1,0,0,0,0,1,0,2,0